Workbook

Sheet Instructions
A1: 02 | Automotive Component Market Research
A3: Purpose | B3: Build a transparent market view before selecting a component segment.
A4: Core outputs | B4: Market size, growth, demand drivers, segment opportunity and source register.
A5: Important | B5: Values marked Synthetic are case assumptions, not claims about a specific company.
A6: Workflow | B6: External evidence → assumptions → market calculations → segment implications.
A7: Next use | B7: Outputs from this workbook feed the Strategy Model in Folder 03.
A10: Model discipline
A11: • Do not overwrite formula cells.
A12: • Keep public-source observations separate from synthetic case assumptions.
A13: • Market size calculations are illustrative and should be refreshed with project-specific data.
A14: • All monetary values are ₹ crore unless stated otherwise.

Sheet Market_Context
A1: Market Context & External Signals
A3: Metric | B3: Value | C3: Unit | D3: Period | E3: Type | F3: Source / rationale | G3: Implication
A4: India automotive industry growth | B4: 8.5 | C4: % | D4: Illustrative | E4: Synthetic | F4: Case planning assumption | G4: Supports continued component demand
A5: Target addressable component market | B5: 50,000 | C5: ₹ crore | D5: 2027 | E5: Synthetic | F5: Starting market assumption for case | G5: Base for TAM/SAM build
A6: Market growth rate | B6: 9.0 | C6: % CAGR | D6: 2027–2032 | E6: Synthetic | F6: Case planning assumption | G6: Drives market expansion
A7: OEM localization | B7: High | C7: Qualitative | D7: Planning | E7: Analytical | F7: Case hypothesis to validate | G7: Potential supplier opportunity
A8: EV transition | B8: Material | C8: Qualitative | D8: Planning | E8: Analytical | F8: Case hypothesis to validate | G8: Changes component mix
A9: Export opportunity | B9: Moderate–High | C9: Qualitative | D9: Planning | E9: Analytical | F9: Case hypothesis to validate | G9: Expands addressable demand

Sheet Segment_Market
A1: Candidate Component Segments
A3: Segment | B3: 2027 Market ₹cr | C3: Growth % | D3: 2032 Market ₹cr | E3: Case Share of TAM % | F3: Strategic Note
A4: Auto Components | B4: 14000 | C4: 8 | D4: =B4*(1+C4/100)^5 | E4: 28 | F4: Large established ecosystem; competitive
A5: EV Components | B5: 9000 | C5: 18 | D5: =B5*(1+C5/100)^5 | E5: 18 | F5: Fast-growing but technology/qualification intensive
A6: Powertrain Components | B6: 11000 | C6: 5 | D6: =B6*(1+C6/100)^5 | E6: 22 | F6: Large installed base; transition risk
A7: Electronics & Sensors | B7: 7000 | C7: 15 | D7: =B7*(1+C7/100)^5 | E7: 14 | F7: Higher growth; capability intensive
A8: Interior / Body Systems | B8: 5000 | C8: 7 | D8: =B8*(1+C8/100)^5 | E8: 10 | F8: Broad customer base; moderate growth
A9: Industrial / Commercial Vehicle Components | B9: 4000 | C9: 6 | D9: =B9*(1+C9/100)^5 | E9: 8 | F9: Niche B2B opportunity
A10: TOTAL | B10: =SUM(B4:B9) | D10: =SUM(D4:D9) | E10: =SUM(E4:E9)

Sheet Market_Sizing
A1: TAM / SAM / SOM Build
A3: Layer | B3: Calculation | C3: Value ₹cr | D3: Formula / basis
A4: TAM | B4: Total candidate segment market | C4: =Segment_Market!B10 | D4: Sum of candidate segment markets
A5: SAM | B5: TAM × addressable geography / capability | C5: =C4*70% | D5: Synthetic 70% addressability assumption
A6: SOM Year 5 | B6: SAM × attainable share | C6: =C5*8% | D6: Synthetic 8% attainable share assumption
A7: SOM Year 1 | B7: SOM Year 5 × ramp factor | C7: =C6*35% | D7: Synthetic launch-year ramp assumption
A9: Note | B9: TAM/SAM/SOM values are illustrative case outputs; replace addressability and share assumptions after customer/market diligence.

Sheet Market_Forecast
A1: Illustrative Addressable Market Forecast
A3: Year | B3: Market Index | C3: Market ₹cr | D3: Growth %
A4: 2027 | B4: 1 | C4: =Market_Sizing!C5 | D4: —
A5: 2028 | B5: =B4*(1+9%) | C5: =C4*(1+9%) | D5: =9%
A6: 2029 | B6: =B5*(1+9%) | C6: =C5*(1+9%) | D6: =9%
A7: 2030 | B7: =B6*(1+9%) | C7: =C6*(1+9%) | D7: =9%
A8: 2031 | B8: =B7*(1+9%) | C8: =C7*(1+9%) | D8: =9%
A9: 2032 | B9: =B8*(1+9%) | C9: =C8*(1+9%) | D9: =9%

Sheet Demand_Drivers
A1: Demand Drivers & Diligence Questions
A3: Driver | B3: Expected direction | C3: Importance | D3: Evidence status | E3: What to validate
A4: Vehicle production | B4: Positive | C4: High | D4: Case hypothesis | E4: OEM production outlook by vehicle category
A5: EV penetration | B5: Mixed by segment | C5: High | D5: Case hypothesis | E5: Component-level exposure to EV transition
A6: Localization | B6: Positive | C6: High | D6: Case hypothesis | E6: Localization targets and import substitution
A7: Exports | B7: Positive | C7: Medium | D7: Case hypothesis | E7: Export customer requirements and homologation
A8: Raw material costs | B8: Negative volatility | C8: High | D8: Case hypothesis | E8: Steel/aluminium/resin/electronics input exposure
A9: OEM qualification cycles | B9: Negative timing | C9: High | D9: Case hypothesis | E9: Supplier nomination and PPAP timing
A10: Technology requirements | B10: Mixed | C10: High | D10: Case hypothesis | E10: Required IP, tooling and process capability

Sheet Source_Register
A1: Source Register
A3: ID | B3: Source / Institution | C3: Topic | D3: URL / Reference | E3: Access / Period | F3: Use in model | G3: Status
A4: S01 | B4: Society of Indian Automobile Manufacturers (SIAM) | C4: Automotive industry statistics | D4: https://www.siam.in/ | E4: To be refreshed | F4: Vehicle production / industry context | G4: Reference source
A5: S02 | B5: Ministry of Heavy Industries | C5: Auto / component policy context | D5: https://heavyindustries.gov.in/ | E5: To be refreshed | F5: Policy and localization context | G5: Reference source
A6: S03 | B6: Invest India | C6: Automotive sector overview | D6: https://www.investindia.gov.in/sector/automobile | E6: To be refreshed | F6: Sector context and investment signals | G6: Reference source
A7: S04 | B7: ACMA | C7: Auto-component industry context | D7: https://www.acma.in/ | E7: To be refreshed | F7: Component market / industry context | G7: Reference source
A8: S05 | B8: Case assumptions | C8: Synthetic market sizing | D8: Internal case workbook | E8: 2026 case | F8: Illustrative calculations | G8: Synthetic

Sheet Validation_Checks
A1: Model Checks
A3: Check | B3: Formula / test | C3: Status
A4: Segment market total | B4: =IF(ABS(Segment_Market!B10-SUM(Segment_Market!B4:B9))<0.01,"PASS","CHECK")
A5: Segment share total | B5: =IF(ABS(Segment_Market!E10-100)<0.01,"PASS","CHECK")
A6: Forecast starts from SAM | B6: =IF(Market_Forecast!C4=Market_Sizing!C5,"PASS","CHECK")
A7: Source register present | B7: =IF(COUNTA(Source_Register!A4:A8)>0,"PASS","CHECK")
